{
    "geometry.zombie": {
        "textureheight": 16,
        "texturewidth": 212,
        "bones": [
            {
                "name": "body",
                "pivot": [
                    0,
                    24,
                    0
                ],
                "rotation": [
                    0,
                    0,
                    0
                ],
                "cubes": [
                    {
                        "origin": [
                            -4,
                            12,
                            -2
                        ],
                        "size": [
                            8,
                            12,
                            4
                        ],
                        "uv": [
                            0,
                            0
                        ]
                    }
                ]
            },
            {
                "name": "head",
                "pivot": [
                    0,
                    24,
                    0
                ],
                "rotation": [
                    0,
                    0,
                    0
                ],
                "cubes": [
                    {
                        "origin": [
                            -4.0583300306269,
                            23.95693829559,
                            -3.705860295036
                        ],
                        "size": [
                            8,
                            8,
                            8
                        ],
                        "uv": [
                            24,
                            0
                        ]
                    },
                    {
                        "origin": [
                            3.7057484089696,
                            14.34071060707,
                            -3.4930718291813
                        ],
                        "size": [
                            8,
                            8,
                            8
                        ],
                        "uv": [
                            56,
                            0
                        ]
                    }
                ]
            },
            {
                "name": "hat",
                "pivot": [
                    0,
                    24,
                    0
                ],
                "rotation": [
                    0,
                    0,
                    0
                ],
                "neverRender": true,
                "cubes": [
                    {
                        "origin": [
                            -4,
                            24,
                            -4
                        ],
                        "size": [
                            8,
                            8,
                            8
                        ],
                        "uv": [
                            88,
                            0
                        ],
                        "inflate": 0.5
                    }
                ]
            },
            {
                "name": "rightArm",
                "pivot": [
                    -5,
                    22,
                    0
                ],
                "rotation": [
                    0,
                    0,
                    0
                ],
                "cubes": [
                    {
                        "origin": [
                            -8,
                            12,
                            -2
                        ],
                        "size": [
                            4,
                            12,
                            4
                        ],
                        "uv": [
                            120,
                            0
                        ]
                    }
                ]
            },
            {
                "name": "leftArm",
                "pivot": [
                    5,
                    22,
                    0
                ],
                "rotation": [
                    0,
                    0,
                    0
                ],
                "mirror": true,
                "cubes": [
                    {
                        "origin": [
                            11.231668626323,
                            11.980507371494,
                            -0.4229336717497
                        ],
                        "size": [
                            4,
                            12,
                            4
                        ],
                        "uv": [
                            136,
                            0
                        ]
                    },
                    {
                        "origin": [
                            1.4948465561419,
                            21.068085665897,
                            -1.1174632729199
                        ],
                        "size": [
                            10,
                            3,
                            4
                        ],
                        "uv": [
                            152,
                            0
                        ],
                        "inflate": 0.01
                    }
                ]
            },
            {
                "name": "rightLeg",
                "pivot": [
                    -1.9,
                    12,
                    0
                ],
                "rotation": [
                    0,
                    0,
                    0
                ],
                "cubes": [
                    {
                        "origin": [
                            -3.9,
                            0,
                            -2
                        ],
                        "size": [
                            4,
                            12,
                            4
                        ],
                        "uv": [
                            180,
                            0
                        ]
                    }
                ]
            },
            {
                "name": "leftLeg",
                "pivot": [
                    1.9,
                    12,
                    0
                ],
                "rotation": [
                    0,
                    0,
                    0
                ],
                "mirror": true,
                "cubes": [
                    {
                        "origin": [
                            -0.1,
                            0,
                            -2
                        ],
                        "size": [
                            4,
                            12,
                            4
                        ],
                        "uv": [
                            196,
                            0
                        ]
                    }
                ]
            }
        ]
    }
}